Model,Accuracy,Precision,Recall,F1-Score,ROC-AUC,Avg Precision
Logistic Regression,0.9736842105263158,0.9761904761904762,0.9534883720930233,0.9647058823529412,0.99737962659679,0.9962033531638724
Neural Network,0.9912280701754386,1.0,0.9767441860465116,0.9882352941176471,0.996069439895185,0.9949260042283299
